Workbook

Sheet Resumen
F4: Presión de Carga Total
F5: =+'Detalle Enero'!G29 -> 66
C12: Pilar Personal | E12: Pilar Familiar | G12: Pilar Profesional | I12: Pilar Entorno
C13: =+'Detalle Enero'!G8 -> 54 | E13: =+'Detalle Enero'!G14 -> 80 | G13: =+'Detalle Enero'!G20 -> 70 | I13: =+'Detalle Enero'!G26 -> 60
B23: Mes | C23: Presión de Carga | J23: Nota | K23: Indicación
B24: Enero | C24: =+'Detalle Enero'!G29 -> 66 | J24: 80-100 | K24: OK
B25: Febrero | C25: =+'Detalle Febrero'!G29 -> 66 | J25: 60 - 79 | K25: Precaución
B26: Marzo | C26: =+'Detalle Marzo'!G29 -> 64.583333 | J26: 0 -59 | K26: Peligro
B27: Abril | C27: 60
B28: Mayo | C28: 75
B29: Junio | C29: 80
B30: Julio | C30: 82
B31: Agosto | C31: 84
B32: Septiembre | C32: 85
B33: Octubre | C33: 86
B34: Noviembre | C34: 90
B35: Diciembre | C35: 92

Sheet Detalle Enero
B3: Pilar | C3: Objetivo Especifico | D3: Iniciativas / Hábito | E3: Peso (1-3)* | F3: Base | G3: Nota **
B4: Personal | C4: Optima salud física y mental | D4: Hacer ejercicios 4 veces a la semana (1,5 HR/Sesión) | E4: 3 | F4: 100 | G4: 50
C5: Escribe tu Objetivo | D5: Define la iniciativa o hábito | E5: 1 | F5: 100 | G5: 50
C6: Escribe tu Objetivo | E6: 1 | F6: 100 | G6: 70
C8: Promedio Pilar Personal | G8: =+SUMPRODUCT(G4:G7,E4:E7)/SUMPRODUCT(F4:F7,E4:E7)*100 -> 54
B10: Familiar | C10: Escribe tu Objetivo | E10: 1 | F10: 100 | G10: 90
C11: Escribe tu Objetivo | E11: 1 | F11: 100 | G11: 80
C12: Escribe tu Objetivo | E12: 1 | F12: 100 | G12: 70
C14: Promedio Pilar Familiar | G14: =+SUMPRODUCT(G10:G13,E10:E13)/SUMPRODUCT(F10:F13,E10:E13)*100 -> 80
B16: Profesional | C16: Escribe tu Objetivo | E16: 1 | F16: 100 | G16: 80
C17: Escribe tu Objetivo | E17: 1 | F17: 100 | G17: 70
C18: Escribe tu Objetivo | E18: 1 | F18: 100 | G18: 60
C20: Promedio Pilar Profesional | G20: =+SUMPRODUCT(G16:G19,E16:E19)/SUMPRODUCT(F16:F19,E16:E19)*100 -> 70
B22: Entorno-Social | C22: Escribe tu Objetivo | E22: 1 | F22: 100 | G22: 70
C23: Escribe tu Objetivo | E23: 1 | F23: 100 | G23: 60
C24: Escribe tu Objetivo | E24: 1 | F24: 100 | G24: 50
C26: Promedio Pilar Entorno-Social | G26: =+SUMPRODUCT(G22:G25,E22:E25)/SUMPRODUCT(F22:F25,E22:E25)*100 -> 60
B29: Presión de carga Total | G29: =+(G8+G14+G20+G26)/4 -> 66
A31: * | B31: Peso | C31: Nivel
B32: 1 | C32: Normal
B33: 2 | C33: Medio
B34: 3 | C34: Importante
A36: ** | B36: Nota | C36: Indicación
B37: 80-100 | C37: OK
B38: 60 - 79 | C38: Precaución
B39: 0 -59 | C39: Peligro

Sheet Detalle Febrero
B3: Pilar | C3: Objetivo Especifico | D3: Iniciativas / Hábito | E3: Peso (1-3)* | F3: Base | G3: Nota **
B4: Personal | C4: Optima salud física y mental | D4: Hacer ejercicios 4 veces a la semana (1,5 HR/Sesión) | E4: 3 | F4: 100 | G4: 50
C5: Escribe tu Objetivo | D5: Define la iniciativa o hábito | E5: 1 | F5: 100 | G5: 50
C6: Escribe tu Objetivo | E6: 1 | F6: 100 | G6: 70
C8: Promedio Pilar Personal | G8: =+SUMPRODUCT(G4:G7,E4:E7)/SUMPRODUCT(F4:F7,E4:E7)*100 -> 54
B10: Familiar | C10: Escribe tu Objetivo | E10: 1 | F10: 100 | G10: 90
C11: Escribe tu Objetivo | E11: 1 | F11: 100 | G11: 80
C12: Escribe tu Objetivo | E12: 1 | F12: 100 | G12: 70
C14: Promedio Pilar Familiar | G14: =+SUMPRODUCT(G10:G13,E10:E13)/SUMPRODUCT(F10:F13,E10:E13)*100 -> 80
B16: Profesional | C16: Escribe tu Objetivo | E16: 1 | F16: 100 | G16: 80
C17: Escribe tu Objetivo | E17: 1 | F17: 100 | G17: 70
C18: Escribe tu Objetivo | E18: 1 | F18: 100 | G18: 60
C20: Promedio Pilar Profesional | G20: =+SUMPRODUCT(G16:G19,E16:E19)/SUMPRODUCT(F16:F19,E16:E19)*100 -> 70
B22: Entorno-Social | C22: Escribe tu Objetivo | E22: 1 | F22: 100 | G22: 70
C23: Escribe tu Objetivo | E23: 1 | F23: 100 | G23: 60
C24: Escribe tu Objetivo | E24: 1 | F24: 100 | G24: 50
C26: Promedio Pilar Entorno-Social | G26: =+SUMPRODUCT(G22:G25,E22:E25)/SUMPRODUCT(F22:F25,E22:E25)*100 -> 60
B29: Presión de carga Total | G29: =+(G8+G14+G20+G26)/4 -> 66
A31: * | B31: Peso | C31: Nivel
B32: 1 | C32: Normal
B33: 2 | C33: Medio
B34: 3 | C34: Importante
A36: ** | B36: Nota | C36: Indicación
B37: 80-100 | C37: OK
B38: 60 - 79 | C38: Precaución
B39: 0 -59 | C39: Peligro

Sheet Detalle Marzo
B3: Pilar | C3: Objetivo Especifico | D3: Iniciativas / Hábito | E3: Peso (1-3)* | F3: Base | G3: Nota **
B4: Personal | C4: Optima salud física y mental | D4: Hacer ejercicios 4 veces a la semana (1,5 HR/Sesión) | E4: 3 | F4: 100 | G4: 55
C5: Escribe tu Objetivo | D5: Define la iniciativa o hábito | E5: 1 | F5: 100 | G5: 50
C6: Escribe tu Objetivo | E6: 1 | F6: 100 | G6: 60
C8: Promedio Pilar Personal | G8: =+SUMPRODUCT(G4:G7,E4:E7)/SUMPRODUCT(F4:F7,E4:E7)*100 -> 55
B10: Familiar | C10: Escribe tu Objetivo | E10: 1 | F10: 100 | G10: 70
C11: Escribe tu Objetivo | E11: 1 | F11: 100 | G11: 80
C12: Escribe tu Objetivo | E12: 1 | F12: 100 | G12: 70
C14: Promedio Pilar Familiar | G14: =+SUMPRODUCT(G10:G13,E10:E13)/SUMPRODUCT(F10:F13,E10:E13)*100 -> 73.333333
B16: Profesional | C16: Escribe tu Objetivo | E16: 1 | F16: 100 | G16: 80
C17: Escribe tu Objetivo | E17: 1 | F17: 100 | G17: 70
C18: Escribe tu Objetivo | E18: 1 | F18: 100 | G18: 60
C20: Promedio Pilar Profesional | G20: =+SUMPRODUCT(G16:G19,E16:E19)/SUMPRODUCT(F16:F19,E16:E19)*100 -> 70
B22: Entorno-Social | C22: Escribe tu Objetivo | E22: 1 | F22: 100 | G22: 70
C23: Escribe tu Objetivo | E23: 1 | F23: 100 | G23: 60
C24: Escribe tu Objetivo | E24: 1 | F24: 100 | G24: 50
C26: Promedio Pilar Entorno-Social | G26: =+SUMPRODUCT(G22:G25,E22:E25)/SUMPRODUCT(F22:F25,E22:E25)*100 -> 60
B29: Presión de carga Total | G29: =+(G8+G14+G20+G26)/4 -> 64.583333
A31: * | B31: Peso | C31: Nivel
B32: 1 | C32: Normal
B33: 2 | C33: Medio
B34: 3 | C34: Importante
A36: ** | B36: Nota | C36: Indicación
B37: 80-100 | C37: OK
B38: 60 - 79 | C38: Precaución
B39: 0 -59 | C39: Peligro

Sheet Copiar y evaluar cada mes...
